{
  "meta": {
    "primary": "reelsynth_factory",
    "secondary": "oa_instrument",
    "no_librispeech": true,
    "no_musdb": true,
    "protocol": "close_seam_ideal + open_wrap_cliff SEAM_W=8"
  },
  "reelsynth_factory": {
    "label": "reelsynth_factory_primary",
    "n_cycles": 24,
    "L": 256,
    "SEAM_W": 8,
    "protocol_seed": 20260719,
    "favorite_meta": {
      "tag": "champion_iter_000235_fitted",
      "path": "C:\\Users\\Julian\\Documents\\Programming\\github\\reeldemo\\reelsynth\\brand\\artifacts\\models\\gpu-rl-arch-20260719T061909Z\\fitted\\champion_iter_000235_fitted.pt",
      "residual_saved": 0.9909982681274414,
      "n_params": 37489
    },
    "methods": {
      "identity": {
        "n": 24,
        "R_mean": 0.9590321779251099,
        "R_std": 0.028642714023590088,
        "snr_db_mean": 30.15699577331543,
        "snr_db_std": 6.78636360168457,
        "sdr_db_mean": 30.178585052490234,
        "sdr_db_std": 6.772541522979736,
        "wrap_jump_mean": 0.281955361366272,
        "wrap_jump_std": 0.19095727801322937,
        "edge_rmse_mean": 0.08628621697425842,
        "edge_rmse_std": 0.05412144586443901,
        "click_energy_mean": 0.11596350371837616,
        "click_energy_std": 0.1292920559644699
      },
      "dual_cosine": {
        "n": 24,
        "R_mean": 0.9431411027908325,
        "R_std": 0.07488606125116348,
        "snr_db_mean": 28.4874324798584,
        "snr_db_std": 7.273595333099365,
        "sdr_db_mean": 28.4583797454834,
        "sdr_db_std": 7.357005596160889,
        "wrap_jump_mean": 0.16689762473106384,
        "wrap_jump_std": 0.10912583023309708,
        "edge_rmse_mean": 0.12636548280715942,
        "edge_rmse_std": 0.17260512709617615,
        "click_energy_mean": 0.03976326063275337,
        "click_energy_std": 0.0446222759783268
      },
      "seam_fir3": {
        "n": 24,
        "R_mean": 0.9619743227958679,
        "R_std": 0.026299552991986275,
        "snr_db_mean": 31.013790130615234,
        "snr_db_std": 7.312138080596924,
        "sdr_db_mean": 31.0200252532959,
        "sdr_db_std": 7.31275749206543,
        "wrap_jump_mean": 0.1472129225730896,
        "wrap_jump_std": 0.14821243286132812,
        "edge_rmse_mean": 0.08263111114501953,
        "edge_rmse_std": 0.05643772333860397,
        "click_energy_mean": 0.04363856464624405,
        "click_energy_std": 0.10316593199968338
      },
      "neural_favorite": {
        "n": 24,
        "R_mean": 0.9538256525993347,
        "R_std": 0.04604819416999817,
        "snr_db_mean": 30.138931274414062,
        "snr_db_std": 7.587060928344727,
        "sdr_db_mean": 30.171672821044922,
        "sdr_db_std": 7.612732887268066,
        "wrap_jump_mean": 0.3214840292930603,
        "wrap_jump_std": 0.3795994818210602,
        "edge_rmse_mean": 0.10539513826370239,
        "edge_rmse_std": 0.11728790402412415,
        "click_energy_mean": 0.24744775891304016,
        "click_energy_std": 0.515179455280304
      },
      "n2n_corrupt_corrupt": {
        "n": 24,
        "R_mean": 0.8380720615386963,
        "R_std": 0.08359146863222122,
        "snr_db_mean": 18.70233154296875,
        "snr_db_std": 9.277923583984375,
        "sdr_db_mean": 18.63839340209961,
        "sdr_db_std": 9.336160659790039,
        "wrap_jump_mean": 0.07557923346757889,
        "wrap_jump_std": 0.09827474504709244,
        "edge_rmse_mean": 0.048821091651916504,
        "edge_rmse_std": 0.0796412006020546,
        "click_energy_mean": 0.015370145440101624,
        "click_energy_std": 0.041292253881692886
      },
      "n2n_sibling_supervised": {
        "n": 24,
        "R_mean": 0.866184413433075,
        "R_std": 0.06190909445285797,
        "snr_db_mean": 20.119667053222656,
        "snr_db_std": 9.02946949005127,
        "sdr_db_mean": 20.056385040283203,
        "sdr_db_std": 9.101218223571777,
        "wrap_jump_mean": 0.08593153953552246,
        "wrap_jump_std": 0.16890032589435577,
        "edge_rmse_mean": 0.03974498063325882,
        "edge_rmse_std": 0.07016447186470032,
        "click_energy_mean": 0.035911548882722855,
        "click_energy_std": 0.11181359738111496
      },
      "seq_lstm": {
        "n": 24,
        "R_mean": 0.7778959274291992,
        "R_std": 0.10769356787204742,
        "snr_db_mean": 15.63093376159668,
        "snr_db_std": 8.751852035522461,
        "sdr_db_mean": 15.435271263122559,
        "sdr_db_std": 8.939863204956055,
        "wrap_jump_mean": 0.29959744215011597,
        "wrap_jump_std": 0.3296946883201599,
        "edge_rmse_mean": 0.17391589283943176,
        "edge_rmse_std": 0.15269388258457184,
        "click_energy_mean": 0.19845721125602722,
        "click_energy_std": 0.4330052137374878
      },
      "seq_cnn1d": {
        "n": 24,
        "R_mean": 0.8526977896690369,
        "R_std": 0.06820685416460037,
        "snr_db_mean": 18.674236297607422,
        "snr_db_std": 7.404951095581055,
        "sdr_db_mean": 18.637792587280273,
        "sdr_db_std": 7.453494071960449,
        "wrap_jump_mean": 0.1897285431623459,
        "wrap_jump_std": 0.2475193589925766,
        "edge_rmse_mean": 0.0753776952624321,
        "edge_rmse_std": 0.1105954498052597,
        "click_energy_mean": 0.09726276248693466,
        "click_energy_std": 0.2227838784456253
      }
    }
  },
  "oa_instrument": {
    "label": "oa_instrument_secondary",
    "n_cycles": 20,
    "L": 256,
    "SEAM_W": 8,
    "protocol_seed": 20260719,
    "favorite_meta": {
      "tag": "champion_iter_000235_fitted",
      "path": "C:\\Users\\Julian\\Documents\\Programming\\github\\reeldemo\\reelsynth\\brand\\artifacts\\models\\gpu-rl-arch-20260719T061909Z\\fitted\\champion_iter_000235_fitted.pt",
      "residual_saved": 0.9909982681274414,
      "n_params": 37489
    },
    "methods": {
      "identity": {
        "n": 20,
        "R_mean": 0.961842954158783,
        "R_std": 0.02439950779080391,
        "snr_db_mean": 30.033447265625,
        "snr_db_std": 5.348317623138428,
        "sdr_db_mean": 30.043439865112305,
        "sdr_db_std": 5.355002403259277,
        "wrap_jump_mean": 0.2624240219593048,
        "wrap_jump_std": 0.18777784705162048,
        "edge_rmse_mean": 0.08252569288015366,
        "edge_rmse_std": 0.04975517466664314,
        "click_energy_mean": 0.10412688553333282,
        "click_energy_std": 0.11985480785369873
      },
      "dual_cosine": {
        "n": 20,
        "R_mean": 0.9440696835517883,
        "R_std": 0.03142121434211731,
        "snr_db_mean": 26.38374137878418,
        "snr_db_std": 4.842426300048828,
        "sdr_db_mean": 26.374408721923828,
        "sdr_db_std": 4.858178615570068,
        "wrap_jump_mean": 0.1499432623386383,
        "wrap_jump_std": 0.10049835592508316,
        "edge_rmse_mean": 0.1210198625922203,
        "edge_rmse_std": 0.0636264830827713,
        "click_energy_mean": 0.032582901418209076,
        "click_energy_std": 0.032398246228694916
      },
      "seam_fir3": {
        "n": 20,
        "R_mean": 0.9679474830627441,
        "R_std": 0.020631827414035797,
        "snr_db_mean": 31.624860763549805,
        "snr_db_std": 5.525568962097168,
        "sdr_db_mean": 31.63856315612793,
        "sdr_db_std": 5.536590576171875,
        "wrap_jump_mean": 0.1237712875008583,
        "wrap_jump_std": 0.08935441821813583,
        "edge_rmse_mean": 0.06889202445745468,
        "edge_rmse_std": 0.042564962059259415,
        "click_energy_mean": 0.023303544148802757,
        "click_energy_std": 0.025956979021430016
      },
      "neural_favorite": {
        "n": 20,
        "R_mean": 0.9881010055541992,
        "R_std": 0.0032125392463058233,
        "snr_db_mean": 38.77370071411133,
        "snr_db_std": 2.1760995388031006,
        "sdr_db_mean": 38.83742904663086,
        "sdr_db_std": 2.1696605682373047,
        "wrap_jump_mean": 0.0460268035531044,
        "wrap_jump_std": 0.0385899655520916,
        "edge_rmse_mean": 0.022487927228212357,
        "edge_rmse_std": 0.006009258795529604,