{
  "n_samples": 4096,
  "seed": 20260719,
  "cycle_length_N": 256,
  "prolong_tiles": 16,
  "seam_width": 8,
  "wrap_jump_p75": 1.3868827819824219,
  "wrap_jump_p90": 1.832109808921814,
  "hard_top10pct_n": 410,
  "hard_top10pct_identity_R_mean": 0.9667258858680725,
  "figure": "fig_dataset_distributions.png"
}