{
  "seed": 1902771841,
  "iters": 2,
  "batch": 48,
  "fit_steps": 24,
  "device": "cuda",
  "baseline_dual_cosine": 0.8165849447250366,
  "lstm_in_search_vocab": true,
  "approaches": {
    "random": {
      "approach": "random",
      "iters": 2,
      "iters_done": 2,
      "seed": 1902771841,
      "champ_r": 0.8593190332253774,
      "champ_raw": 0.8572356998920441,
      "delta_r_vs_dual_cosine": 0.040650755167007446,
      "baseline_dual_cosine": 0.8165849447250366,
      "wall_s": 5.927366256713867,
      "wall_h": 0.0016464906268649632,
      "lstm_in_champ": false,
      "champ_arch": {
        "depth": 10,
        "width": 48,
        "act": "gelu",
        "ops": [
          "asym_wet",
          "hann_blend",
          "dual_cosine",
          "median3",
          "fade_pull",
          "classic"
        ],
        "wet": 0.34781097014968315,
        "fir": [
          0.45899631415483705,
          0.3647230515042936,
          0.14416460151428118,
          0.3397290373664135,
          0.4609319548177949
        ],
        "cell_kind": "dense",
        "soft_logits": [
          0.7690019391276717,
          0.08361285904428506,
          0.055156685630137536,
          0.5867751895616828,
          -0.3798645668803302,
          -0.16218536532181793,
          -0.7471670363317,
          0.14211763680881062,
          0.3017498039020585,
          0.8739146163847176,
          -0.5638962338432918,
          0.4530517215300136,
          0.9641326776326347,
          0.22047986112060092,
          0.1292662742831343
        ],
        "blocks": [
          "dense",
          "conv1d",
          "residual",
          "soft_mix"
        ],
        "use_adv_aux": false,
        "moe_mode": "sequential"
      },
      "champ_hp": {
        "lr": 0.0004778627658050028,
        "fit_steps": 24,
        "batch": 64,
        "entropy_coef": 0.053751070735409356,
        "ppo_clip": 0.2,
        "adv_coef": 0.02
      },
      "history_path": "brand\\artifacts\\meta_approach_compare_smoke\\random\\history.jsonl",
      "finished_at": "20260720T031300Z"
    },
    "cmaes": {
      "approach": "cmaes",
      "iters": 2,
      "iters_done": 2,
      "seed": 1902771841,
      "champ_r": 0.9228002509276072,
      "champ_raw": 0.9206335842609406,
      "delta_r_vs_dual_cosine": 0.10404863953590393,
      "baseline_dual_cosine": 0.8165849447250366,
      "wall_s": 2.8648462295532227,
      "wall_h": 0.0007957906193203396,
      "lstm_in_champ": false,
      "champ_arch": {
        "depth": 6,
        "width": 16,
        "act": "tanh",
        "ops": [
          "mlp_seam",
          "dual_cosine",
          "fir3",
          "cycle_net",
          "hann_blend",
          "asym_wet"
        ],
        "wet": 0.42354863039076845,
        "fir": [
          0.2,
          0.5,
          0.2,
          0.1,
          0.1
        ],
        "cell_kind": "conv1d",
        "soft_logits": [
          0.3228290370023076,
          0.1270529218007287,
          0.3022533215105765,
          0.2860571580262211,
          -0.05368352672004717,
          0.18441739764845355,
          0.14442327611899652,
          -0.239286736275247,
          0.4101557565119859,
          -0.06372360318985304,
          0.19326356722324234,
          -0.037681723403929945,
          -0.26722356933211255,
          0.4344071759290907,
          -0.42349850506298936
        ],
        "blocks": [
          "attn",
          "dense",
          "conv1d"
        ],
        "use_adv_aux": false,
        "moe_mode": "moe_parallel"
      },
      "champ_hp": {
        "lr": 0.0011150077183826185,
        "fit_steps": 24,
        "batch": 48,
        "entropy_coef": 0.02,
        "ppo_clip": 0.2,
        "adv_coef": 0.05
      },
      "history_path": "brand\\artifacts\\meta_approach_compare_smoke\\cmaes\\history.jsonl",
      "finished_at": "20260720T031303Z"
    },
    "reinforce": {
      "approach": "reinforce",
      "iters": 2,
      "iters_done": 2,
      "seed": 1902771841,
      "champ_r": 0.7998032867908478,
      "champ_raw": 0.7998032867908478,
      "delta_r_vs_dual_cosine": -0.016781657934188843,
      "baseline_dual_cosine": 0.8165849447250366,
      "wall_s": 12.947655439376831,
      "wall_h": 0.003596570955382453,
      "lstm_in_champ": true,
      "champ_arch": {
        "depth": 8,
        "width": 15,
        "act": "relu",
        "ops": [
          "hann_blend",
          "dual_cosine",
          "asym_wet",
          "cycle_net"
        ],
        "wet": 0.6588840120364321,
        "fir": [
          0.1120762729842444,
          0.23742888505537973,
          0.4465197675969036,
          0.1400507642220224,
          0.07179242523612779
        ],
        "cell_kind": "lstm",
        "soft_logits": [
          0.4109097909264332,
          -0.27879804719185164,
          0.37770367523937587,
          -0.24634286439165343,
          0.37769695769555356,
          0.02227645682992052,
          0.9037494587044526,
          -0.06538218627636172,
          0.5253366863959423,
          -0.8762500123376151,
          0.04126837917944526,
          -0.810211601023139,
          0.004205372167003896,
          0.21282838467351506,
          0.2885937123659117
        ],
        "blocks": [
          "lstm",
          "moe_mix",
          "conv1d"
        ],
        "use_adv_aux": true,
        "moe_mode": "sequential"
      },
      "champ_hp": {
        "lr": 0.000249592879303453,
        "fit_steps": 20,
        "batch": 32,
        "entropy_coef": 0.053601572020588156,
        "ppo_clip": 0.25,
        "adv_coef": 0.029145694393671418
      },
      "history_path": "brand\\artifacts\\meta_approach_compare_smoke\\reinforce\\history.jsonl",
      "finished_at": "20260720T031316Z"
    },
    "aging_evo": {
      "approach": "aging_evo",
      "iters": 2,
      "iters_done": 2,
      "seed": 1902771841,
      "champ_r": 0.9163824174404144,
      "champ_raw": 0.9128824174404144,
      "delta_r_vs_dual_cosine": 0.09629747271537781,
      "baseline_dual_cosine": 0.8165849447250366,
      "wall_s": 4.024136543273926,
      "wall_h": 0.0011178157064649795,
      "lstm_in_champ": false,
      "champ_arch": {
        "depth": 11,
        "width": 32,
        "act": "gelu",
        "ops": [
          "skip_blend",
          "soft_seam",
          "fir5",
          "cycle_net"
        ],
        "wet": 0.4186173590017732,
        "fir": [
          0.40245062870899084,
          0.20627603872123274,
          0.4256230971693873,
          0.1787202024095041,
          0.4840633957038117
        ],
        "cell_kind": "bottleneck",
        "soft_logits": [
          -0.9312981811884973,
          -0.48620609388812586,
          0.9670156766517359,
          -0.5272890286791418,
          -0.3671742163771625,
          -0.7165641965720757,
          -0.388013048195061,
          -0.6340057304709956,
          0.396119377116642,
          -0.28575611479112784,
          -0.7906821423538233,
          -0.2225194658265397,
          0.15931664644592458,
          0.007578837519252923,
          0.6802607510778342
        ],
        "blocks": [
          "bottleneck",
          "noise_cond",
          "dilated",
          "unet",
          "mlp"
        ],
        "use_adv_aux": false,
        "moe_mode": "moe_parallel"
      },
      "champ_hp": {
        "lr": 0.0003385511520156813,
        "fit_steps": 24,
        "batch": 32,
        "entropy_coef": 0.061137199865669394,
        "ppo_clip": 0.15000000000000002,
        "adv_coef": 0.03754335899225706
      },
      "history_path": "brand\\artifacts\\meta_approach_compare_smoke\\aging_evo\\history.jsonl",
      "finished_at": "20260720T031321Z"
    },
    "tpe": {
      "approach": "tpe",
      "iters": 2,
      "iters_done": 2,
      "seed": 1902771841,
      "champ_r": 0.8852374976476034,
      "champ_raw": 0.88465416431427,
      "delta_r_vs_dual_cosine": 0.0680692195892334,