{
  "meta": {
    "holdout_seed": 20260719,
    "n_tiles": 512,
    "p90_wrap_jump": 1.789373755455017,
    "n_hard": 52,
    "note": "Endpoint-pin lowers wrap-jump; prolonged R often drops vs identity/favorite."
  },
  "all": {
    "identity": {
      "R_mean": 0.9712501168251038,
      "wrap_jump_mean": 0.8986363410949707,
      "edge_rmse_mean": 0.08157432079315186,
      "click_energy_mean": 1.2135605812072754,
      "snr_db_mean": 32.62540817260742
    },
    "dual_cosine": {
      "R_mean": 0.8245924711227417,
      "wrap_jump_mean": 0.33863481879234314,
      "edge_rmse_mean": 0.505610466003418,
      "click_energy_mean": 0.16252845525741577,
      "snr_db_mean": 17.737045288085938
    },
    "endpoint_pin_mean": {
      "R_mean": 0.9059212803840637,
      "wrap_jump_mean": 0.0,
      "edge_rmse_mean": 0.270733118057251,
      "click_energy_mean": 0.0,
      "snr_db_mean": 23.04261589050293
    },
    "endpoint_pin_zero": {
      "R_mean": 0.8489547371864319,
      "wrap_jump_mean": 0.0,
      "edge_rmse_mean": 0.4358896315097809,
      "click_energy_mean": 0.0,
      "snr_db_mean": 16.9395751953125
    },
    "poly_seam_d3": {
      "R_mean": 0.9719162583351135,
      "wrap_jump_mean": 0.8982968330383301,
      "edge_rmse_mean": 0.07946792989969254,
      "click_energy_mean": 1.2130213975906372,
      "snr_db_mean": 33.1119384765625
    }
  },
  "top10_wrap": {
    "identity": {
      "R_mean": 0.96507728099823,
      "wrap_jump_mean": 2.0848870277404785,
      "edge_rmse_mean": 0.09961816668510437,
      "click_energy_mean": 4.383028507232666,
      "snr_db_mean": 30.61693572998047
    },
    "dual_cosine": {
      "R_mean": 0.6604183316230774,
      "wrap_jump_mean": 0.3439233601093292,
      "edge_rmse_mean": 0.979737401008606,
      "click_energy_mean": 0.16511453688144684,
      "snr_db_mean": 9.472302436828613
    },
    "endpoint_pin_mean": {
      "R_mean": 0.8220417499542236,
      "wrap_jump_mean": 0.0,
      "edge_rmse_mean": 0.5129742622375488,
      "click_energy_mean": 0.0,
      "snr_db_mean": 15.066059112548828
    },
    "endpoint_pin_zero": {
      "R_mean": 0.8172082304954529,
      "wrap_jump_mean": 0.0,
      "edge_rmse_mean": 0.52683025598526,
      "click_energy_mean": 0.0,
      "snr_db_mean": 14.801074981689453
    },
    "poly_seam_d3": {
      "R_mean": 0.9656994342803955,
      "wrap_jump_mean": 2.0860936641693115,
      "edge_rmse_mean": 0.09768455475568771,
      "click_energy_mean": 4.387781620025635,
      "snr_db_mean": 31.0358943939209
    }
  }
}