{
  "schema": "denoiseopt.meta_approach_compare.v1",
  "publishable": true,
  "seed": 1902771841,
  "iters": 5000,
  "batch": 48,
  "fit_steps": 24,
  "pop_size": 12,
  "device": "cuda",
  "baseline_dual_cosine": 0.8165849447250366,
  "lstm_in_search_vocab": true,
  "xlstm_in_search_vocab": true,
  "reward_modes": [
    "abs_r",
    "vs_dualcosine",
    "vs_nobake",
    "neglog_gap"
  ],
  "blocks": [
    "mlp",
    "residual",
    "dense",
    "gated",
    "bottleneck",
    "unet",
    "conv1d",
    "dilated",
    "attn",
    "dual_path",
    "lstm",
    "xlstm",
    "tf_split",
    "noise_cond",
    "soft_mix",
    "moe_mix"
  ],
  "approaches": {
    "random": {
      "approach": "random",
      "iters": 5000,
      "iters_done": 5000,
      "seed": 1902771841,
      "champ_r": 0.9812390058835347,
      "champ_raw": 0.9781556725502014,
      "delta_r_vs_dual_cosine": 0.1615707278251648,
      "baseline_dual_cosine": 0.8165849447250366,
      "wall_s": 20592.766453504562,
      "wall_h": 5.720212903751268,
      "lstm_in_champ": false,
      "xlstm_in_champ": false,
      "champ_arch": {
        "depth": 10,
        "width": 40,
        "act": "silu",
        "ops": [
          "fade_pull",
          "cycle_net",
          "fir5",
          "edge_pin",
          "mlp_seam",
          "soft_seam"
        ],
        "wet": 0.5036157242442906,
        "fir": [
          0.16714619114570994,
          0.10944754136313169,
          0.15226969647734767,
          0.4109516064144032,
          0.3773185052622726
        ],
        "cell_kind": "dense",
        "soft_logits": [
          -0.13140087716424875,
          -0.5154500776028825,
          0.47654013601694545,
          0.377505759428884,
          0.0563526698972614,
          0.8192100779171827,
          -0.25742350416272375,
          0.27289795567348896,
          -0.6505469192664384,
          0.5241535382144451,
          -0.8841245847672277,
          0.38007385134988425,
          0.0556233084810267,
          0.6154742067279724,
          0.43281298392038003
        ],
        "blocks": [
          "dense",
          "mlp",
          "soft_mix",
          "conv1d"
        ],
        "use_adv_aux": false,
        "moe_mode": "moe_parallel"
      },
      "champ_hp": {
        "lr": 0.007084206758905005,
        "fit_steps": 48,
        "batch": 64,
        "entropy_coef": 0.005859226156338963,
        "ppo_clip": 0.1,
        "adv_coef": 0.1,
        "reward_mode": "vs_dualcosine"
      },
      "history_path": "brand\\artifacts\\meta_approach_compare\\random\\history.jsonl",
      "finished_at": "20260720T100513Z"
    },
    "cmaes": {
      "approach": "cmaes",
      "iters": 5000,
      "iters_done": 5000,
      "seed": 1902771841,
      "champ_r": 0.9867652376492818,
      "champ_raw": 0.9846819043159485,
      "delta_r_vs_dual_cosine": 0.16809695959091187,
      "baseline_dual_cosine": 0.8165849447250366,
      "wall_s": 8205.355647325516,
      "wall_h": 2.279265457590421,
      "lstm_in_champ": false,
      "xlstm_in_champ": false,
      "champ_arch": {
        "depth": 4,
        "width": 48,
        "act": "tanh",
        "ops": [
          "mlp_seam",
          "dual_cosine",
          "fir3",
          "cycle_net",
          "asym_wet"
        ],
        "wet": 0.9161707513428526,
        "fir": [
          0.2,
          0.5,
          0.2,
          0.1,
          0.1
        ],
        "cell_kind": "mlp",
        "soft_logits": [
          0.302919109697556,
          -0.20367520479637136,
          0.398687606451125,
          -0.3074350080143776,
          0.13390018369536005,
          -0.0637572572424212,
          -0.14071927864117917,
          -0.07511256681796319,
          0.19441200457536112,
          0.2060344273783774,
          -0.3270090893749896,
          -0.08436155625078423,
          0.3694433180539023,
          0.3486534187254019,
          0.4526057094293129
        ],
        "blocks": [
          "mlp",
          "soft_mix",
          "residual",
          "moe_mix"
        ],
        "use_adv_aux": false,
        "moe_mode": "moe_parallel"
      },
      "champ_hp": {
        "lr": 0.008701896517086563,
        "fit_steps": 48,
        "batch": 64,
        "entropy_coef": 0.02,
        "ppo_clip": 0.2,
        "adv_coef": 0.05,
        "reward_mode": "vs_dualcosine"
      },
      "history_path": "brand\\artifacts\\meta_approach_compare\\cmaes\\history.jsonl",
      "finished_at": "20260720T122158Z"
    },
    "reinforce": {
      "approach": "reinforce",
      "iters": 5000,
      "iters_done": 5000,
      "seed": 1902771841,
      "champ_r": 0.9861335431734721,
      "champ_raw": 0.9824668765068054,
      "delta_r_vs_dual_cosine": 0.1658819317817688,
      "baseline_dual_cosine": 0.8165849447250366,
      "wall_s": 93355.20047926903,
      "wall_h": 25.932000133130284,
      "lstm_in_champ": false,
      "xlstm_in_champ": true,
      "champ_arch": {
        "depth": 12,
        "width": 32,
        "act": "gelu",
        "ops": [
          "fir5",
          "edge_pin",
          "cycle_net",
          "dual_cosine",
          "pin",
          "median3"
        ],
        "wet": 0.95,
        "fir": [
          0.41707984130659514,
          0.4016578872817004,
          0.11495769903091359,
          0.10349922275485181,
          0.208357821962166
        ],
        "cell_kind": "xlstm",
        "soft_logits": [
          0.04774620090581694,
          -0.32165251750663515,
          0.2982878961284213,
          -0.7165699739121101,
          -0.5795944368375175,
          -0.5744449453828698,
          0.7286089652402291,
          -0.7979923965976198,
          0.10055926805495552,
          -0.7783028251305701,
          -0.7136951865663054,
          1.1556346108320361,
          0.5035953742826852,
          0.6674496450046455,
          0.3626364552864384
        ],
        "blocks": [
          "mlp",
          "soft_mix",
          "xlstm",
          "tf_split",
          "dual_path"
        ],
        "use_adv_aux": false,
        "moe_mode": "moe_parallel"
      },
      "champ_hp": {
        "lr": 0.04824754099928491,
        "fit_steps": 64,
        "batch": 64,
        "entropy_coef": 0.04460833560455392,
        "ppo_clip": 0.35,
        "adv_coef": 0.09620045610417136,
        "reward_mode": "neglog_gap"
      },
      "history_path": "C:\\Users\\Julian\\Documents\\Programming\\github\\reeldemo\\reelsynth\\brand\\artifacts\\meta_approach_compare\\reinforce\\history.jsonl",
      "finished_at": "20260721T151350Z"
    },
    "aging_evo": {
      "approach": "aging_evo",
      "iters": 5000,
      "iters_done": 5000,
      "seed": 1902771841,
      "champ_r": 0.9937080172697703,
      "champ_raw": 0.9907913506031036,
      "delta_r_vs_dual_cosine": 0.17420640587806702,
      "baseline_dual_cosine": 0.8165849447250366,
      "wall_s": 54084.7970457077,
      "wall_h": 15.023554734918806,
      "lstm_in_champ": false,
      "xlstm_in_champ": true,
      "champ_arch": {
        "depth": 12,
        "width": 4,
        "act": "tanh",
        "ops": [
          "skip_blend",
          "classic",
          "edge_pin",
          "median3",
          "fade_pull",
          "soft_seam",
          "dual_cosine",
          "asym_wet"
        ],
        "wet": 0.18101387081810882,
        "fir": [
          0.5481286779534792,
          0.17833221801173532,
          0.10241772678394215,
          0.07283789591877309,
          0.34892760944246615
        ],
        "cell_kind": "tf_split",