{
  "meta": {
    "holdout_seed": 20260719,
    "batch": 64,
    "n_tiles_cliff": 4096,
    "L": 256,
    "SEAM_W": 8,
    "PROLONG": 16,
    "wrap_jump_p75": 1.3868827819824219,
    "wrap_jump_p90": 1.832109808921814,
    "implementation": "cycle-local seam residual bake; polyblep matches osc::va::poly_blep; blit_blep raised-cosine BLEP-family; blamp polyBLAMP on slope jump",
    "citations": [
      "stilson1996",
      "nam2009polyblep",
      "esqueda2016blamp"
    ],
    "code": "reelsynth/scripts/baselines/va_seam_blep.py"
  },
  "canonical_holdout": {
    "identity": {
      "R_mean": 0.9717606902122498,
      "R_std": 0.017341554164886475,
      "snr_db_mean": 32.57925796508789,
      "snr_db_std": 5.33329963684082,
      "sdr_db_mean": 32.66687774658203,
      "sdr_db_std": 5.30115270614624,
      "wrap_jump_mean": 0.8730366826057434,
      "wrap_jump_std": 0.6302990913391113,
      "edge_rmse_mean": 0.08028945326805115,
      "edge_rmse_std": 0.05046647787094116,
      "click_energy_mean": 1.1594698429107666,
      "click_energy_std": 1.3898999691009521,
      "ms_batch": 0.010517018381506205
    },
    "dual_cosine": {
      "R_mean": 0.8248767852783203,
      "R_std": 0.11859530210494995,
      "snr_db_mean": 18.012542724609375,
      "snr_db_std": 8.071242332458496,
      "sdr_db_mean": 17.83049964904785,
      "sdr_db_std": 8.234078407287598,
      "wrap_jump_mean": 0.2916819453239441,
      "wrap_jump_std": 0.1969723403453827,
      "edge_rmse_mean": 0.5058895945549011,
      "edge_rmse_std": 0.3460821807384491,
      "click_energy_mean": 0.12387647479772568,
      "click_energy_std": 0.1403426229953766,
      "ms_batch": 1.0595109779387712
    },
    "seam_fir3": {
      "R_mean": 0.9610013961791992,
      "R_std": 0.02113594114780426,
      "snr_db_mean": 29.6162166595459,
      "snr_db_std": 5.268713474273682,
      "sdr_db_mean": 29.635765075683594,
      "sdr_db_std": 5.261546611785889,
      "wrap_jump_mean": 0.4377652406692505,
      "wrap_jump_std": 0.31739914417266846,
      "edge_rmse_mean": 0.11162327229976654,
      "edge_rmse_std": 0.061266157776117325,
      "click_energy_mean": 0.2923806607723236,
      "click_energy_std": 0.3492080271244049,
      "ms_batch": 423.11883499496616
    },
    "blit_blep": {
      "R_mean": 0.8680174350738525,
      "R_std": 0.09104746580123901,
      "snr_db_mean": 20.436908721923828,
      "snr_db_std": 7.76704740524292,
      "sdr_db_mean": 20.347532272338867,
      "sdr_db_std": 7.865351676940918,
      "wrap_jump_mean": 0.004193772561848164,
      "wrap_jump_std": 0.0030277406331151724,
      "edge_rmse_mean": 0.36535242199897766,
      "edge_rmse_std": 0.2551023066043854,
      "click_energy_mean": 2.6754942155093886e-05,
      "click_energy_std": 3.207211921107955e-05,
      "ms_batch": 123.28766801510938
    },
    "polyblep": {
      "R_mean": 0.9287733435630798,
      "R_std": 0.04902207851409912,
      "snr_db_mean": 25.853151321411133,
      "snr_db_std": 7.845144748687744,
      "sdr_db_mean": 25.84347152709961,
      "sdr_db_std": 7.872954368591309,
      "wrap_jump_mean": 0.10230898857116699,
      "wrap_jump_std": 0.07386317104101181,
      "edge_rmse_mean": 0.2047402709722519,
      "edge_rmse_std": 0.14238080382347107,
      "click_energy_mean": 0.015922896564006805,
      "click_energy_std": 0.019087370485067368,
      "ms_batch": 1.4299490139819682
    },
    "blamp": {
      "R_mean": 0.9717633128166199,
      "R_std": 0.01733977720141411,
      "snr_db_mean": 32.58026123046875,
      "snr_db_std": 5.333840847015381,
      "sdr_db_mean": 32.667877197265625,
      "sdr_db_std": 5.301674842834473,
      "wrap_jump_mean": 0.8730617761611938,
      "wrap_jump_std": 0.6302987337112427,
      "edge_rmse_mean": 0.08028188347816467,
      "edge_rmse_std": 0.05046180263161659,
      "click_energy_mean": 1.159513235092163,
      "click_energy_std": 1.3897775411605835,
      "ms_batch": 53.519270004471764
    }
  },
  "cliff_strata": {
    "identity": {
      "all": {
        "n": 4096,
        "R_mean": 0.9714958667755127,
        "R_std": 0.018290100619196892,
        "snr_db_mean": 32.714256286621094,
        "snr_db_std": 5.730764389038086,
        "sdr_db_mean": 32.799400329589844,
        "sdr_db_std": 5.709104537963867,
        "wrap_jump_mean": 0.9130843877792358,
        "wrap_jump_std": 0.6336262226104736,
        "edge_rmse_mean": 0.08085915446281433,
        "edge_rmse_std": 0.05334112048149109,
        "click_energy_mean": 1.2352054119110107,
        "click_energy_std": 1.4066715240478516
      },
      "top25_wrap": {
        "n": 1024,
        "R_mean": 0.9713058471679688,
        "R_std": 0.018355466425418854,
        "snr_db_mean": 32.639404296875,
        "snr_db_std": 5.698937892913818,
        "sdr_db_mean": 32.862545013427734,
        "sdr_db_std": 5.625804424285889,
        "wrap_jump_mean": 1.7971656322479248,
        "wrap_jump_std": 0.29124659299850464,
        "edge_rmse_mean": 0.08147995173931122,
        "edge_rmse_std": 0.05347539111971855,
        "click_energy_mean": 3.314629316329956,
        "click_energy_std": 1.11203932762146
      },
      "top10_wrap": {
        "n": 410,
        "R_mean": 0.9667258858680725,
        "R_std": 0.02015053853392601,
        "snr_db_mean": 31.38701820373535,
        "snr_db_std": 5.932826519012451,
        "sdr_db_mean": 31.687883377075195,
        "sdr_db_std": 5.844863414764404,
        "wrap_jump_mean": 2.0935163497924805,
        "wrap_jump_std": 0.20225535333156586,
        "edge_rmse_mean": 0.09480209648609161,
        "edge_rmse_std": 0.05856466293334961,
        "click_energy_mean": 4.423717975616455,
        "click_energy_std": 0.8855514526367188
      }
    },
    "dual_cosine": {
      "all": {
        "n": 4096,
        "R_mean": 0.8192881345748901,
        "R_std": 0.11444307863712311,
        "snr_db_mean": 17.38641357421875,
        "snr_db_std": 7.495814800262451,
        "sdr_db_mean": 17.202457427978516,
        "sdr_db_std": 7.654098987579346,
        "wrap_jump_mean": 0.33494237065315247,
        "wrap_jump_std": 0.22315055131912231,
        "edge_rmse_mean": 0.5214778780937195,
        "edge_rmse_std": 0.33261460065841675,
        "click_energy_mean": 0.16198256611824036,
        "click_energy_std": 0.18566666543483734
      },
      "top25_wrap": {
        "n": 1024,
        "R_mean": 0.6864364147186279,
        "R_std": 0.06094394996762276,
        "snr_db_mean": 10.271804809570312,
        "snr_db_std": 1.9599727392196655,
        "sdr_db_mean": 9.857495307922363,
        "sdr_db_std": 2.105419397354126,
        "wrap_jump_mean": 0.2895227074623108,
        "wrap_jump_std": 0.22065693140029907,
        "edge_rmse_mean": 0.9063698053359985,
        "edge_rmse_std": 0.18144440650939941,
        "click_energy_mean": 0.1325128674507141,
        "click_energy_std": 0.1800139844417572
      },
      "top10_wrap": {
        "n": 410,
        "R_mean": 0.6574274301528931,
        "R_std": 0.04633348435163498,
        "snr_db_mean": 9.39671802520752,
        "snr_db_std": 1.3133289813995361,
        "sdr_db_mean": 8.91530990600586,
        "sdr_db_std": 1.4380428791046143,
        "wrap_jump_mean": 0.3354663848876953,
        "wrap_jump_std": 0.2351709008216858,
        "edge_rmse_mean": 0.9897547960281372,
        "edge_rmse_std": 0.1410326212644577,
        "click_energy_mean": 0.1678430289030075,
        "click_energy_std": 0.20468047261238098
      }
    },
    "seam_fir3": {
      "all": {
        "n": 4096,
        "R_mean": 0.9610912203788757,
        "R_std": 0.018865637481212616,
        "snr_db_mean": 29.466896057128906,
        "snr_db_std": 5.079693794250488,
        "sdr_db_mean": 29.486026763916016,
        "sdr_db_std": 5.07250452041626,
        "wrap_jump_mean": 0.4558246433734894,
        "wrap_jump_std": 0.3150949478149414,
        "edge_rmse_mean": 0.11133090406656265,
        "edge_rmse_std": 0.05492880195379257,
        "click_energy_mean": 0.30706095695495605,